,cases_VE_lower_bound,cases_VE_upper_bound,cases_VE_median,icu_VE_lower_bound,icu_VE_upper_bound,icu_VE_median,deaths_VE_lower_bound,deaths_VE_upper_bound,deaths_VE_median
21-70,27.643605980011145,33.495758119861726,30.607113017442195,80.87194556169892,87.16401315244855,84.28518698870738,86.62385560672104,91.68275481541784,89.33419620968178
>70,9.699079425836876,33.09606486580019,21.84507985165724,50.23751025397307,75.99921490135549,64.39190871814509,67.10286152005978,77.63935395805073,72.60112178112081
